split,accuracy,macro_auc
train,1.0,
val,0.9583333333333334,
test,0.9468779123951537,
